keys,sk,en
HUD_KILLS,Zničené: %d,Kills: %d
HUD_WAVE,Vlna %d,Wave %d
BANNER_WAVE_INCOMING,Vlna %d\n%d,Wave %d\n%d
BANNER_WAVE_CLEARED,Vlna %d odrazená,Wave %d cleared
GAME_OVER_TITLE,Základňa zničená,Base destroyed
GAME_OVER_SUMMARY,Dosiahnutá vlna: %d\nZničení nepriatelia: %d\nČas: %s,Wave reached: %d\nEnemies destroyed: %d\nTime: %s
PAUSE_TITLE,Pauza,Paused
BUTTON_RETRY,Skúsiť znova,Try again
BUTTON_RESUME,Pokračovať,Resume
BUTTON_RESTART,Reštartovať,Restart
WEAPON_MACHINE_GUN,Guľomet,Machine Gun
WEAPON_NAVAL_CANNON,Lodné delo,Naval Cannon
ENEMY_RAIDER_SKIFF,Pirátsky čln,Raider Skiff
ENEMY_PATROL_BOAT,Hliadková loď,Patrol Boat
ENEMY_ATTACK_DRONE,Útočný dron,Attack Drone
ENEMY_TORPEDO_BOAT,Torpédový čln,Torpedo Boat
ENEMY_ARMORED_GUNBOAT,Obrnený delový čln,Armored Gunboat
ENEMY_TORPEDO,Torpédo,Torpedo
